[{"id":31,"message":"https://t.me/TravelerHouse – достойный канал","date":1699134236},{"id":30,"message":"https://t.me/poisk_rolok – Ролевой канал где можно быстро пропиарить ролевую","date":1684913728},{"id":29,"message":"https://t.me/uviroo – поиск ролевых.","date":1684347239},{"id":28,"message":"https://t.me/findroleplay1 – ролевые","date":1682363043},{"id":26,"message":"https://t.me/Role_Playing_GP – молодой поиск ролевых.","date":1680523775},{"id":25,"message":"https://t.me/RolkaPiarTg – ролевые. Очень много геншина.","date":1678335755},{"id":24,"message":"https://t.me/piarhogwarts – ролевые по Гарри Поттеру","date":1674160467},{"id":23,"message":"https://t.me/konfaroleplay – ролевые","date":1673546731},{"id":21,"message":"https://t.me/poiskroleplay – на данный момент она заморожена\n\nНо у них ещё можно рекламится под этим постом - https://t.me/poiskroleplay/166","date":1672172050},{"id":20,"message":"https://t.me/rolevayaa","date":1672171964},{"id":19,"message":"https://t.me/uviroo","date":1672170728},{"id":17,"message":"https://t.me/piar_rolok_eternal_war — обычный поиск ролевых, участники довольно токсичные.","date":1671990617},{"id":15,"message":"https://t.me/RolePlay_Games —  токсичный, тяжело писать анкету, модераторы чата токсики.","date":1671990030},{"id":14,"message":"https://t.me/RolePlay_RP_Info — помогу разобраться что такое ролевые и прорекламировать их","date":1671989999},{"id":13,"message":"https://t.me/rolevoy_souz — самый лучший поиск ролевых с которого могут прийти очень много участников","date":1671989988},{"id":12,"message":"https://t.me/jenia51 — помогут написал пост","date":1671989980},{"id":11,"message":"https://t.me/helps_for_rolevik — помогут написать пост","date":1671989972},{"id":10,"message":"https://t.me/postchatrp — очень удобный поиск ролевых","date":1671989960},{"id":9,"message":"https://t.me/find_roleplayers — все довольно запутанно на разобраться будет легко","date":1671989947},{"id":8,"message":"https://t.me/rolevye — довольно хороший поиск","date":1671989935},{"id":7,"message":"https://t.me/rolevaya1 — длинная очередь, админы могут игнорить","date":1671989916},{"id":6,"message":"https://t.me/piarrolok9 — удобный канал который не требует нечего сложного для заполнения анкеты","date":1671989905},{"id":4,"message":"https://t.me/rolka_vsee — могут найти и арты и пропиарить канал и ролевую","date":1671989888},{"id":3,"message":"Приветствую, тут собраны каналы по поиску ролевых, где можно найти ролевую для себя или про рекламировать свою.\n\nЧто то не добавил? Пиши → @Aryto193","date":1671989879},{"id":2,"date":1671989866},{"id":1,"date":1671989866}]